{
    "model": {
        "additional_details": "No additional information about training or evaluation protocol for this model.",
        "decoding_params": {
            "temperature": 0
        },
        "description": "A dense decoder-only transformer architecture, similar to that in LaMDA (https://arxiv.org/abs/2201.08239). See the BIG-bench paper for details.",
        "flop_matched_non_embedding_params": 2098048,
        "model_family": "BIG-G T=0",
        "model_name": "2m",
        "non_embedding_params": 2098048,
        "total_params": 10290048,
        "training_batch_size": 262144,
        "training_steps": 1000000
    },
    "scores": [
        {
            "high_score": 1.0,
            "low_score": 0.1999999999999955,
            "number_of_shots": 0,
            "preferred_score": "multiple_choice_grade",
            "score_dict": {
                "calibration_multiple_choice_brier_score": 0.22429092753176316,
                "macro_f1": 0.12216910697431375,
                "multiple_choice_grade": 0.20527859237536658,
                "weighted_log_probabilities": -16.4227572144651
            },
            "subtask_description": "tracking_shuffled_objects:five_objects"
        },
        {
            "high_score": 1.0,
            "low_score": 0.1999999999999955,
            "number_of_shots": 1,
            "preferred_score": "multiple_choice_grade",
            "score_dict": {
                "calibration_multiple_choice_brier_score": 0.22585513386555772,
                "macro_f1": 0.15353478270898047,
                "multiple_choice_grade": 0.23460410557184752,
                "weighted_log_probabilities": -16.422196463755498
            },
            "subtask_description": "tracking_shuffled_objects:five_objects"
        },
        {
            "high_score": 1.0,
            "low_score": 0.1999999999999955,
            "number_of_shots": 2,
            "preferred_score": "multiple_choice_grade",
            "score_dict": {
                "calibration_multiple_choice_brier_score": 0.22775995773620733,
                "macro_f1": 0.14531611407654602,
                "multiple_choice_grade": 0.22287390029325513,
                "weighted_log_probabilities": -16.445621918373444
            },
            "subtask_description": "tracking_shuffled_objects:five_objects"
        },
        {
            "high_score": 1.0,
            "low_score": 0.1999999999999955,
            "number_of_shots": 3,
            "preferred_score": "multiple_choice_grade",
            "score_dict": {
                "calibration_multiple_choice_brier_score": 0.22823512826901965,
                "macro_f1": 0.13355516035501688,
                "multiple_choice_grade": 0.21407624633431085,
                "weighted_log_probabilities": -16.488942535042412
            },
            "subtask_description": "tracking_shuffled_objects:five_objects"
        },
        {
            "high_score": 1.0,
            "low_score": 0.14285714285714018,
            "number_of_shots": 0,
            "preferred_score": "multiple_choice_grade",
            "score_dict": {
                "calibration_multiple_choice_brier_score": 0.16490791175337216,
                "macro_f1": 0.06128763148071511,
                "multiple_choice_grade": 0.1348973607038123,
                "weighted_log_probabilities": -16.614029218724045
            },
            "subtask_description": "tracking_shuffled_objects:seven_objects"
        },
        {
            "high_score": 1.0,
            "low_score": 0.14285714285714018,
            "number_of_shots": 1,
            "preferred_score": "multiple_choice_grade",
            "score_dict": {
                "calibration_multiple_choice_brier_score": 0.16611581114496626,
                "macro_f1": 0.07919746249573509,
                "multiple_choice_grade": 0.1495601173020528,
                "weighted_log_probabilities": -16.57604843710175
            },
            "subtask_description": "tracking_shuffled_objects:seven_objects"
        },
        {
            "high_score": 1.0,
            "low_score": 0.14285714285714018,
            "number_of_shots": 2,
            "preferred_score": "multiple_choice_grade",
            "score_dict": {
                "calibration_multiple_choice_brier_score": 0.16820340083467772,
                "macro_f1": 0.07429161519700224,
                "multiple_choice_grade": 0.1495601173020528,
                "weighted_log_probabilities": -16.575092405168192
            },
            "subtask_description": "tracking_shuffled_objects:seven_objects"
        },
        {
            "high_score": 1.0,
            "low_score": 0.14285714285714018,
            "number_of_shots": 3,
            "preferred_score": "multiple_choice_grade",
            "score_dict": {
                "calibration_multiple_choice_brier_score": 0.1682453965455493,
                "macro_f1": 0.06036518962008983,
                "multiple_choice_grade": 0.14076246334310852,
                "weighted_log_probabilities": -16.591100670375432
            },
            "subtask_description": "tracking_shuffled_objects:seven_objects"
        },
        {
            "high_score": 1.0,
            "low_score": 0.333333333333337,
            "number_of_shots": 0,
            "preferred_score": "multiple_choice_grade",
            "score_dict": {
                "calibration_multiple_choice_brier_score": 0.34533688955733094,
                "macro_f1": 0.20696847749248773,
                "multiple_choice_grade": 0.31378299120234604,
                "weighted_log_probabilities": -15.393539232942016
            },
            "subtask_description": "tracking_shuffled_objects:three_objects"
        },
        {
            "high_score": 1.0,
            "low_score": 0.333333333333337,
            "number_of_shots": 1,
            "preferred_score": "multiple_choice_grade",
            "score_dict": {
                "calibration_multiple_choice_brier_score": 0.3494409281687744,
                "macro_f1": 0.21166490701886775,
                "multiple_choice_grade": 0.31671554252199413,
                "weighted_log_probabilities": -15.306812132558514
            },
            "subtask_description": "tracking_shuffled_objects:three_objects"
        },
        {
            "high_score": 1.0,
            "low_score": 0.333333333333337,
            "number_of_shots": 2,
            "preferred_score": "multiple_choice_grade",
            "score_dict": {
                "calibration_multiple_choice_brier_score": 0.3510774614494999,
                "macro_f1": 0.21040378268814555,
                "multiple_choice_grade": 0.3225806451612903,
                "weighted_log_probabilities": -15.334458476986704
            },
            "subtask_description": "tracking_shuffled_objects:three_objects"
        },
        {
            "high_score": 1.0,
            "low_score": 0.333333333333337,
            "number_of_shots": 3,
            "preferred_score": "multiple_choice_grade",
            "score_dict": {
                "calibration_multiple_choice_brier_score": 0.3528764995985273,
                "macro_f1": 0.22172357723257716,
                "multiple_choice_grade": 0.34017595307917886,
                "weighted_log_probabilities": -15.369290581196983
            },
            "subtask_description": "tracking_shuffled_objects:three_objects"
        },
        {
            "high_score": 1.0,
            "low_score": 0.2253968253968242,
            "number_of_shots": 0,
            "preferred_score": "multiple_choice_grade",
            "score_dict": {
                "calibration_multiple_choice_brier_score": 0.24484524294748874,
                "macro_f1": 0.1301417386491722,
                "multiple_choice_grade": 0.2179863147605083,
                "normalized_aggregate_score": -1.0671228413162857,
                "weighted_log_probabilities": -16.143441888710388
            },
            "subtask_description": "tracking_shuffled_objects"
        },
        {
            "high_score": 1.0,
            "low_score": 0.2253968253968242,
            "number_of_shots": 1,
            "preferred_score": "multiple_choice_grade",
            "score_dict": {
                "calibration_multiple_choice_brier_score": 0.24713729105976615,
                "macro_f1": 0.14813238407452778,
                "multiple_choice_grade": 0.23362658846529816,
                "normalized_aggregate_score": 0.8716194200066135,
                "weighted_log_probabilities": -16.101685677805254
            },
            "subtask_description": "tracking_shuffled_objects"
        },
        {
            "high_score": 1.0,
            "low_score": 0.2253968253968242,
            "number_of_shots": 2,
            "preferred_score": "multiple_choice_grade",
            "score_dict": {
                "calibration_multiple_choice_brier_score": 0.24901360667346165,
                "macro_f1": 0.14333717065389795,
                "multiple_choice_grade": 0.2316715542521994,
                "normalized_aggregate_score": 0.676115998696744,
                "weighted_log_probabilities": -16.118390933509446
            },
            "subtask_description": "tracking_shuffled_objects"
        },
        {
            "high_score": 1.0,
            "low_score": 0.2253968253968242,
            "number_of_shots": 3,
            "preferred_score": "multiple_choice_grade",
            "score_dict": {
                "calibration_multiple_choice_brier_score": 0.24978567480436542,
                "macro_f1": 0.1385479757358946,
                "multiple_choice_grade": 0.2316715542521994,
                "normalized_aggregate_score": 0.8471814923428908,
                "weighted_log_probabilities": -16.149777928871607
            },
            "subtask_description": "tracking_shuffled_objects"
        }
    ],
    "task": {
        "task_name": "tracking_shuffled_objects"
    }
}