{
  "scores": [
    {
      "score_dict": {
        "multiple_choice_grade": 0.2072072072072072,
        "calibration_multiple_choice_brier_score": 0.17728986381601408,
        "expected_calibration_error": 0.1909973798276821
      },
      "preferred_score": "multiple_choice_grade",
      "number_of_shots": 0,
      "low_score": 0.1999999999999955,
      "high_score": 1.0,
      "subtask_description": "tracking_shuffled_objects:five_objects"
    },
    {
      "score_dict": {
        "multiple_choice_grade": 0.15915915915915915,
        "calibration_multiple_choice_brier_score": 0.13185312404390956,
        "expected_calibration_error": 0.19727091442945874
      },
      "preferred_score": "multiple_choice_grade",
      "number_of_shots": 0,
      "low_score": 0.14285714285714018,
      "high_score": 1.0,
      "subtask_description": "tracking_shuffled_objects:seven_objects"
    },
    {
      "score_dict": {
        "multiple_choice_grade": 0.3123123123123123,
        "calibration_multiple_choice_brier_score": 0.25742012031785516,
        "expected_calibration_error": 0.22371064703692298
      },
      "preferred_score": "multiple_choice_grade",
      "number_of_shots": 0,
      "low_score": 0.333333333333337,
      "high_score": 1.0,
      "subtask_description": "tracking_shuffled_objects:three_objects"
    },
    {
      "score_dict": {
        "multiple_choice_grade": 0.22622622622622623,
        "expected_calibration_error": 0.2039929804313546,
        "calibration_multiple_choice_brier_score": 0.18885436939259292,
        "normalized_aggregate_score": -0.11678345011668315
      },
      "preferred_score": "multiple_choice_grade",
      "number_of_shots": 0,
      "low_score": 0.2253968253968242,
      "high_score": 1.0,
      "subtask_description": "tracking_shuffled_objects"
    },
    {
      "score_dict": {
        "multiple_choice_grade": 0.21621621621621623,
        "calibration_multiple_choice_brier_score": 0.16879176492401862,
        "expected_calibration_error": 0.13540994037208723
      },
      "preferred_score": "multiple_choice_grade",
      "number_of_shots": 1,
      "low_score": 0.1999999999999955,
      "high_score": 1.0,
      "subtask_description": "tracking_shuffled_objects:five_objects"
    },
    {
      "score_dict": {
        "multiple_choice_grade": 0.14714714714714713,
        "calibration_multiple_choice_brier_score": 0.12790474792545337,
        "expected_calibration_error": 0.13818544550727216
      },
      "preferred_score": "multiple_choice_grade",
      "number_of_shots": 1,
      "low_score": 0.14285714285714018,
      "high_score": 1.0,
      "subtask_description": "tracking_shuffled_objects:seven_objects"
    },
    {
      "score_dict": {
        "multiple_choice_grade": 0.32432432432432434,
        "calibration_multiple_choice_brier_score": 0.26373518298025467,
        "expected_calibration_error": 0.2025471883176073
      },
      "preferred_score": "multiple_choice_grade",
      "number_of_shots": 1,
      "low_score": 0.333333333333337,
      "high_score": 1.0,
      "subtask_description": "tracking_shuffled_objects:three_objects"
    },
    {
      "score_dict": {
        "multiple_choice_grade": 0.22922922922922923,
        "expected_calibration_error": 0.1587141913989889,
        "calibration_multiple_choice_brier_score": 0.18681056527657555,
        "normalized_aggregate_score": 0.39205872539216247
      },
      "preferred_score": "multiple_choice_grade",
      "number_of_shots": 1,
      "low_score": 0.2253968253968242,
      "high_score": 1.0,
      "subtask_description": "tracking_shuffled_objects"
    },
    {
      "score_dict": {
        "multiple_choice_grade": 0.21921921921921922,
        "calibration_multiple_choice_brier_score": 0.16672952338436753,
        "expected_calibration_error": 0.1295405814034628
      },
      "preferred_score": "multiple_choice_grade",
      "number_of_shots": 2,
      "low_score": 0.1999999999999955,
      "high_score": 1.0,
      "subtask_description": "tracking_shuffled_objects:five_objects"
    },
    {
      "score_dict": {
        "multiple_choice_grade": 0.14714714714714713,
        "calibration_multiple_choice_brier_score": 0.1289031607116866,
        "expected_calibration_error": 0.1473611652759645
      },
      "preferred_score": "multiple_choice_grade",
      "number_of_shots": 2,
      "low_score": 0.14285714285714018,
      "high_score": 1.0,
      "subtask_description": "tracking_shuffled_objects:seven_objects"
    },
    {
      "score_dict": {
        "multiple_choice_grade": 0.3033033033033033,
        "calibration_multiple_choice_brier_score": 0.25960692368495,
        "expected_calibration_error": 0.21596278873024966
      },
      "preferred_score": "multiple_choice_grade",
      "number_of_shots": 2,
      "low_score": 0.333333333333337,
      "high_score": 1.0,
      "subtask_description": "tracking_shuffled_objects:three_objects"
    },
    {
      "score_dict": {
        "multiple_choice_grade": 0.22322322322322322,
        "expected_calibration_error": 0.16428817846989233,
        "calibration_multiple_choice_brier_score": 0.1850798692603347,
        "normalized_aggregate_score": -0.5338672005337718
      },
      "preferred_score": "multiple_choice_grade",
      "number_of_shots": 2,
      "low_score": 0.2253968253968242,
      "high_score": 1.0,
      "subtask_description": "tracking_shuffled_objects"
    },
    {
      "score_dict": {
        "multiple_choice_grade": 0.21621621621621623,
        "calibration_multiple_choice_brier_score": 0.16709217970213944,
        "expected_calibration_error": 0.1289418663818468
      },
      "preferred_score": "multiple_choice_grade",
      "number_of_shots": 5,
      "low_score": 0.1999999999999955,
      "high_score": 1.0,
      "subtask_description": "tracking_shuffled_objects:five_objects"
    },
    {
      "score_dict": {
        "multiple_choice_grade": 0.15915915915915915,
        "calibration_multiple_choice_brier_score": 0.12817938833549258,
        "expected_calibration_error": 0.12142445048592224
      },
      "preferred_score": "multiple_choice_grade",
      "number_of_shots": 5,
      "low_score": 0.14285714285714018,
      "high_score": 1.0,
      "subtask_description": "tracking_shuffled_objects:seven_objects"
    },
    {
      "score_dict": {
        "multiple_choice_grade": 0.34234234234234234,
        "calibration_multiple_choice_brier_score": 0.24336838406378838,
        "expected_calibration_error": 0.16789958472593863
      },
      "preferred_score": "multiple_choice_grade",
      "number_of_shots": 5,
      "low_score": 0.333333333333337,
      "high_score": 1.0,
      "subtask_description": "tracking_shuffled_objects:three_objects"
    },
    {
      "score_dict": {
        "multiple_choice_grade": 0.23923923923923923,
        "expected_calibration_error": 0.13942196719790256,
        "calibration_multiple_choice_brier_score": 0.17954665070047346,
        "normalized_aggregate_score": 1.7600934267602002
      },
      "preferred_score": "multiple_choice_grade",
      "number_of_shots": 5,
      "low_score": 0.2253968253968242,
      "high_score": 1.0,
      "subtask_description": "tracking_shuffled_objects"
    }
  ],
  "task": {
    "task_name": "tracking_shuffled_objects"
  },
  "model": {
    "model_family": "PaLM",
    "model_name": "535b",
    "total_params": 535000000000,
    "non_embedding_params": 535000000000,
    "flop_matched_non_embedding_params": 535000000000,
    "training_batch_size": 2048,
    "training_steps": 255000,
    "description": "Google PaLM (arxiv.org/abs/2204.02311)",
    "decoding_params": {},
    "additional_details": ""
  },
  "queries": null
}